﻿ADDRESS,City,Country,NAME,URLLINK,Geom,Local Area,Geo Local Area
2985 Kingsway,Vancouver,Canada,Collingwood,https://www.vpl.ca/location/collingwood-branch,"{""coordinates"": [-123.0426, 49.2362], ""type"": ""Point""}",Renfrew-Collingwood,Renfrew-Collingwood
1950 Argyle Drive,Vancouver,Canada,Fraserview,https://www.vpl.ca/location/fraserview-branch,"{""coordinates"": [-123.0669, 49.2197], ""type"": ""Point""}",Victoria-Fraserview,Victoria-Fraserview
870 Denman St,Vancouver,Canada,Joe Fortes,https://www.vpl.ca/location/joe-fortes-branch,"{""coordinates"": [-123.1361, 49.2899], ""type"": ""Point""}",West End,West End
2112 W 42nd Ave,Vancouver,Canada,Kerrisdale,https://www.vpl.ca/location/kerrisdale-branch,"{""coordinates"": [-123.1571, 49.2332], ""type"": ""Point""}",Kerrisdale,Kerrisdale
8386 Granville St,Vancouver,Canada,Marpole,https://www.vpl.ca/location/marpole-branch,"{""coordinates"": [-123.14, 49.2104], ""type"": ""Point""}",Marpole,Marpole
2969 E 22nd Ave,Vancouver,Canada,Renfrew,https://www.vpl.ca/location/renfrew-branch,"{""coordinates"": [-123.043, 49.2524], ""type"": ""Point""}",Renfrew-Collingwood,Renfrew-Collingwood
1661 Napier St,Vancouver,Canada,Britannia,https://www.vpl.ca/location/britannia-branch,"{""coordinates"": [-123.0738, 49.2756], ""type"": ""Point""}",Grandview-Woodland,Grandview-Woodland
401 Main St,Vancouver,Canada,Carnegie,https://www.vpl.ca/location/carnegie-branch,"{""coordinates"": [-123.1001, 49.2811], ""type"": ""Point""}",Downtown,Downtown
350 W Georgia St,Vancouver,Canada,Central Branch,https://www.vpl.ca/location/central-library,"{""coordinates"": [-123.1156, 49.2797], ""type"": ""Point""}",Downtown,Downtown
4515 Dunbar St,Vancouver,Canada,Dunbar,https://www.vpl.ca/location/dunbar-branch,"{""coordinates"": [-123.1856, 49.246], ""type"": ""Point""}",Dunbar-Southlands,Dunbar-Southlands
2674 E Hastings St,Vancouver,Canada,Hastings,https://www.vpl.ca/location/hastings-branch,"{""coordinates"": [-123.05, 49.2809], ""type"": ""Point""}",Hastings-Sunrise,Hastings-Sunrise
1428 Cedar Cottage Mews,Vancouver,Canada,Kensington,https://www.vpl.ca/location/kensington-branch,"{""coordinates"": [-123.0753, 49.2491], ""type"": ""Point""}",Kensington-Cedar Cottage,Kensington-Cedar Cottage
6184 Ash St,Vancouver,Canada,Oakridge,https://www.vpl.ca/location/oakridge-branch,"{""coordinates"": [-123.1172, 49.2327], ""type"": ""Point""}",Oakridge,Oakridge
4575 Clancy Loranger Way,Vancouver,Canada,Terry Salman,https://www.vpl.ca/location/terry-salman-branch,"{""coordinates"": [-123.1079, 49.2438], ""type"": ""Point""}",Riley Park,Riley Park
730 E Hastings St,Vancouver,Canada,Strathcona,https://www.vpl.ca/location/n%C9%99%CC%81c%CC%93a%CA%94mat-ct-strathcona-branch,"{""coordinates"": [-123.0915, 49.2798], ""type"": ""Point""}",Strathcona,Strathcona
7110 Kerr St,Vancouver,Canada,Champlain Heights,https://www.vpl.ca/location/champlain-heights-branch,"{""coordinates"": [-123.0402, 49.2191], ""type"": ""Point""}",Killarney,Killarney
1455 W 10th Ave,Vancouver,Canada,Firehall,https://www.vpl.ca/location/firehall-branch,"{""coordinates"": [-123.1376, 49.2629], ""type"": ""Point""}",Fairview,Fairview
2425 Macdonald St,Vancouver,Canada,Kitsilano,https://www.vpl.ca/location/kitsilano-branch,"{""coordinates"": [-123.1687, 49.2647], ""type"": ""Point""}",Kitsilano,Kitsilano
1 Kingsway,Vancouver,Canada,Mount Pleasant,https://www.vpl.ca/location/mount-pleasant-branch,"{""coordinates"": [-123.1002, 49.2643], ""type"": ""Point""}",Mount Pleasant,Mount Pleasant
6076 Fraser St,Vancouver,Canada,South Hill,https://www.vpl.ca/location/south-hill-branch,"{""coordinates"": [-123.0903, 49.2295], ""type"": ""Point""}",Sunset,Sunset
4566 W 10th Ave,Vancouver,Canada,West Point Grey,https://www.vpl.ca/location/west-point-grey-branch,"{""coordinates"": [-123.2086, 49.2635], ""type"": ""Point""}",West Point Grey,West Point Grey