﻿ADDRESS,City,Country,NAME,URLLINK,Geom,Local Area,Geo Local Area
2985 Kingsway,Vancouver,Canada,Collingwood,http://www.vpl.ca/branches/details/collingwood_branch,"{""coordinates"": [-123.0426, 49.2362], ""type"": ""Point""}",Renfrew-Collingwood,Renfrew-Collingwood
1950 Argyle Drive,Vancouver,Canada,Fraserview,http://www.vpl.ca/branches/details/fraserview_branch,"{""coordinates"": [-123.0669, 49.2197], ""type"": ""Point""}",Victoria-Fraserview,Victoria-Fraserview
870 Denman St,Vancouver,Canada,Joe Fortes,http://www.vpl.ca/branches/details/joe_fortes_branch,"{""coordinates"": [-123.1361, 49.2899], ""type"": ""Point""}",West End,West End
2112 W 42nd Ave,Vancouver,Canada,Kerrisdale,http://www.vpl.ca/branches/details/kerrisdale_branch,"{""coordinates"": [-123.1571, 49.2332], ""type"": ""Point""}",Kerrisdale,Kerrisdale
8386 Granville St,Vancouver,Canada,Marpole,http://www.vpl.ca/branches/details/marpole_branch,"{""coordinates"": [-123.14, 49.2104], ""type"": ""Point""}",Marpole,Marpole
302-345 Robson St,Vancouver,Canada,Outreach Services,http://www.vpl.ca/branches/details/outreach_branch,"{""coordinates"": [-123.1156, 49.2797], ""type"": ""Point""}",Downtown,Downtown
2969 E 22nd Ave,Vancouver,Canada,Renfrew,http://www.vpl.ca/branches/details/renfrew_branch,"{""coordinates"": [-123.043, 49.2524], ""type"": ""Point""}",Renfrew-Collingwood,Renfrew-Collingwood
1661 Napier St,Vancouver,Canada,Britannia,http://www.vpl.ca/branches/details/britannia_branch,"{""coordinates"": [-123.0738, 49.2756], ""type"": ""Point""}",Grandview-Woodland,Grandview-Woodland
401 Main St,Vancouver,Canada,Carnegie,http://www.vpl.ca/branches/details/carnegie_branch,"{""coordinates"": [-123.1001, 49.2811], ""type"": ""Point""}",Downtown,Downtown
350 W Georgia St,Vancouver,Canada,Central Branch,http://www.vpl.ca/branches/details/central_library,"{""coordinates"": [-123.1156, 49.2797], ""type"": ""Point""}",Downtown,Downtown
4515 Dunbar St,Vancouver,Canada,Dunbar,http://www.vpl.ca/branches/details/dunbar_branch,"{""coordinates"": [-123.1856, 49.246], ""type"": ""Point""}",Dunbar-Southlands,Dunbar-Southlands
2674 E Hastings St,Vancouver,Canada,Hastings,http://www.vpl.ca/branches/details/hastings_branch,"{""coordinates"": [-123.05, 49.2809], ""type"": ""Point""}",Hastings-Sunrise,Hastings-Sunrise
1428 Cedar Cottage Mews,Vancouver,Canada,Kensington,http://www.vpl.ca/branches/details/kensington_branch,"{""coordinates"": [-123.0753, 49.2491], ""type"": ""Point""}",Kensington-Cedar Cottage,Kensington-Cedar Cottage
191-650 W 41st Ave,Vancouver,Canada,Oakridge,http://www.vpl.ca/branches/details/oakridge_branch,"{""coordinates"": [-123.1172, 49.2327], ""type"": ""Point""}",Oakridge,Oakridge
4575 Clancy Loranger Way,Vancouver,Canada,Terry Salman,http://www.vpl.ca/location/terry-salman-branch,"{""coordinates"": [-123.1079, 49.2438], ""type"": ""Point""}",Riley Park,Riley Park
592 E Pender St,Vancouver,Canada,Strathcona,http://www.vpl.ca/branches/details/strathcona_branch,"{""coordinates"": [-123.0915, 49.2798], ""type"": ""Point""}",Strathcona,Strathcona
7110 Kerr St,Vancouver,Canada,Champlain Heights,http://www.vpl.ca/branches/details/champlain_heights_branch,"{""coordinates"": [-123.0402, 49.2191], ""type"": ""Point""}",Killarney,Killarney
1455 W 10th Ave,Vancouver,Canada,Firehall,http://www.vpl.ca/branches/details/firehall_branch,"{""coordinates"": [-123.1376, 49.2629], ""type"": ""Point""}",Fairview,Fairview
2425 Macdonald St,Vancouver,Canada,Kitsilano,http://www.vpl.ca/branches/details/kitsilano_branch,"{""coordinates"": [-123.1687, 49.2647], ""type"": ""Point""}",Kitsilano,Kitsilano
1 Kingsway,Vancouver,Canada,Mount Pleasant,http://www.vpl.ca/branches/details/mount_pleasant_branch,"{""coordinates"": [-123.1002, 49.2643], ""type"": ""Point""}",Mount Pleasant,Mount Pleasant
6076 Fraser St,Vancouver,Canada,South Hill,http://www.vpl.ca/branches/details/south_hill_branch,"{""coordinates"": [-123.0903, 49.2295], ""type"": ""Point""}",Sunset,Sunset
4566 W 10th Ave,Vancouver,Canada,West Point Grey,https://www.vpl.ca/location/west-point-grey-branch,"{""coordinates"": [-123.2086, 49.2635], ""type"": ""Point""}",West Point Grey,West Point Grey